<?xml version="1.0" encoding="UTF-8"?>
<project-private xmlns="http://www.netbeans.org/ns/project-private/1">
    <editor-bookmarks xmlns="http://www.netbeans.org/ns/editor-bookmarks/2" lastBookmarkId="0"/>
    <open-files xmlns="http://www.netbeans.org/ns/projectui-open-files/2">
        <group>
            <file>file:/C:/Users/V244682/Documents/NetBeansProjects/Slack&amp;quene/src/SlackApp/StackX.java</file>
            <file>file:/C:/Users/V244682/Documents/NetBeansProjects/Slack&amp;quene/src/SlackApp/Reverser.java</file>
            <file>file:/C:/Users/V244682/Documents/NetBeansProjects/Slack&amp;quene/src/SlackApp/SlackQuene.java</file>
        </group>
    </open-files>
</project-private>
