<?xml version="1.0" encoding="UTF-8"?>
<project-private xmlns="http://www.netbeans.org/ns/project-private/1">
    <editor-bookmarks xmlns="http://www.netbeans.org/ns/editor-bookmarks/2" lastBookmarkId="0"/>
    <open-files xmlns="http://www.netbeans.org/ns/projectui-open-files/2">
        <group>
            <file>file:/C:/Users/V244682/Documents/SlackinJava-master/SlackinJava-master/QueueList/Queue/src/queue/Links.java</file>
            <file>file:/C:/Users/V244682/Documents/SlackinJava-master/SlackinJava-master/QueueList/Queue/src/queue/LinkList.java</file>
            <file>file:/C:/Users/V244682/Documents/SlackinJava-master/SlackinJava-master/QueueList/Queue/src/queue/Queue.java</file>
        </group>
    </open-files>
</project-private>
